client_threads,latency_ms
1,6279.9
1,1564.6
1,1635.1
1,1755.0
1,1541.5
1,1958.6
1,1440.1
1,1793.0
1,1366.6
1,1339.5
2,3022.4
2,3123.2
2,1436.5
2,1534.2
2,1146.3
2,1048.9
2,1222.0
2,1334.6
2,1534.9
2,1952.6
2,1529.3
2,1533.2
2,1637.6
2,1536.1
2,1539.6
2,1738.7
2,1511.8
2,1414.3
2,5054.8
2,4949.5
4,4288.4
4,4387.0
4,4489.8
4,4694.7
4,1244.5
4,1665.4
4,2001.6
4,2429.6
4,2895.2
4,3602.1
4,2871.1
4,2769.8
4,2663.4
4,2770.6
4,2857.4
4,2876.4
4,2395.5
4,2283.1
4,2328.1
4,2621.0
4,2118.5
4,2526.7
4,2086.2
4,1872.7
4,2086.3
4,1975.2
4,2081.4
4,2070.4
4,1871.3
4,1767.8
4,2075.6
4,1348.5
8,1584.7
8,1665.1
8,1769.0
8,1785.9
8,3133.6
8,3557.7
8,3764.6
8,3970.3
8,3206.4
8,3323.0
8,3525.1
8,3708.5
8,3213.2
8,2979.8
8,2879.7
8,2984.8
8,3181.7
8,3194.9
8,3106.8
8,3419.6
8,3695.3
8,3727.6
8,3909.8
8,4026.9
8,3730.8
8,4204.7
8,3917.5
8,3717.6
8,3835.2
8,3922.1
8,3786.9
8,3716.1
8,3807.7
8,4011.4
8,4224.9
8,4312.2
8,4294.8
8,4186.1
8,4295.6
8,4309.1
8,4512.5
8,4215.7
8,5148.5
8,5050.3
16,1731.3
16,1834.9
16,1935.2
16,1942.3
16,3305.8
16,3479.3
16,3504.3
16,3609.0
16,4923.3
16,5122.6
16,5332.4
16,5513.3
16,6741.8
16,6948.9
16,7248.9
16,7451.8
16,7383.7
16,7379.4
16,7484.4
16,7891.5
16,7569.7
16,7843.6
16,7853.2
16,8667.8
16,11807.4
16,12811.5
16,13842.1
16,13547.7
