language,mode,i,latency_ms,http_status
python,sync,0,1243.6,200
python,sync,1,1337.5,200
python,sync,2,1916.9,200
python,sync,3,1579.6,200
python,sync,4,824.8,200
python,sync,5,1031.7,200
python,sync,6,923.0,200
python,sync,7,919.7,200
python,sync,8,1129.2,200
python,sync,9,1442.4,200
python,sync,10,1327.6,200
python,sync,11,2288.7,200
python,sync,12,1344.6,200
python,sync,13,1447.1,200
python,sync,14,1756.1,200
python,sync,15,1336.5,200
python,sync,16,1043.1,200
python,sync,17,1028.5,200
python,sync,18,1160.9,200
python,sync,19,1125.2,200
python,sync,20,924.3,200
python,sync,21,717.7,200
python,sync,22,817.2,200
python,sync,23,1034.4,200
python,sync,24,716.8,200
python,sync,25,815.3,200
python,sync,26,715.3,200
python,sync,27,711.6,200
python,sync,28,613.0,200
python,sync,29,811.9,200
python,async_poll20ms,0,748.2,202
python,async_poll20ms,1,1094.8,202
python,async_poll20ms,2,1163.5,202
python,async_poll20ms,3,2670.6,202
python,async_poll20ms,4,1295.4,202
python,async_poll20ms,5,1275.4,202
python,async_poll20ms,6,1060.2,202
python,async_poll20ms,7,1262.9,202
python,async_poll20ms,8,1205.1,202
python,async_poll20ms,9,931.6,202
python,async_poll20ms,10,809.4,202
python,async_poll20ms,11,944.9,202
python,async_poll20ms,12,910.3,202
python,async_poll20ms,13,894.9,202
python,async_poll20ms,14,842.4,202
python,async_poll20ms,15,949.2,202
python,async_poll20ms,16,669.7,202
python,async_poll20ms,17,769.2,202
python,async_poll20ms,18,827.2,202
python,async_poll20ms,19,805.7,202
python,async_poll20ms,20,1019.3,202
python,async_poll20ms,21,803.5,202
python,async_poll20ms,22,728.4,202
python,async_poll20ms,23,1025.3,202
python,async_poll20ms,24,2424.7,202
python,async_poll20ms,25,1470.1,202
python,async_poll20ms,26,1582.1,202
python,async_poll20ms,27,1278.9,202
python,async_poll20ms,28,1492.6,202
python,async_poll20ms,29,2188.7,202
javascript,sync,0,2284.4,200
javascript,sync,1,1471.9,200
javascript,sync,2,1238.5,200
javascript,sync,3,1432.5,200
javascript,sync,4,1024.6,200
javascript,sync,5,1132.8,200
javascript,sync,6,1020.0,200
javascript,sync,7,1342.4,200
javascript,sync,8,1540.6,200
javascript,sync,9,5871.0,200
javascript,sync,10,2440.4,200
javascript,sync,11,1334.9,200
javascript,sync,12,1644.5,200
javascript,sync,13,1977.3,200
javascript,sync,14,1857.2,200
javascript,sync,15,2224.0,200
javascript,sync,16,2669.8,200
javascript,sync,17,1641.3,200
javascript,sync,18,1765.2,200
javascript,sync,19,1251.6,200
javascript,sync,20,1970.9,200
javascript,sync,21,2900.5,200
javascript,sync,22,2388.7,200
javascript,sync,23,2623.9,200
javascript,sync,24,8955.4,200
javascript,sync,25,11093.1,200
javascript,sync,26,11108.8,200
javascript,sync,27,11857.5,200
javascript,sync,28,6371.6,200
javascript,sync,29,4320.9,200
javascript,async_poll20ms,0,4335.1,202
javascript,async_poll20ms,1,3678.0,202
javascript,async_poll20ms,2,2571.1,202
javascript,async_poll20ms,3,1816.4,202
javascript,async_poll20ms,4,2418.0,202
javascript,async_poll20ms,5,2179.1,202
javascript,async_poll20ms,6,5738.7,202
javascript,async_poll20ms,7,2017.4,202
javascript,async_poll20ms,8,2112.0,202
javascript,async_poll20ms,9,1254.8,202
javascript,async_poll20ms,10,1094.3,202
javascript,async_poll20ms,11,1379.5,202
javascript,async_poll20ms,12,1688.7,202
javascript,async_poll20ms,13,1080.3,202
javascript,async_poll20ms,14,6190.0,202
javascript,async_poll20ms,15,3158.0,202
javascript,async_poll20ms,16,1434.0,202
javascript,async_poll20ms,17,1543.7,202
javascript,async_poll20ms,18,1517.9,202
javascript,async_poll20ms,19,1553.8,202
javascript,async_poll20ms,20,1425.0,202
javascript,async_poll20ms,21,1544.3,202
javascript,async_poll20ms,22,3510.1,202
javascript,async_poll20ms,23,4152.8,202
javascript,async_poll20ms,24,2465.9,202
javascript,async_poll20ms,25,1414.8,202
javascript,async_poll20ms,26,1140.0,202
javascript,async_poll20ms,27,2592.8,202
javascript,async_poll20ms,28,1075.3,202
javascript,async_poll20ms,29,1077.8,202
typescript,sync,0,3081.4,200
typescript,sync,1,5402.4,200
typescript,sync,2,11324.9,200
typescript,sync,3,6088.2,200
typescript,sync,4,5308.5,200
typescript,sync,5,9456.0,200
typescript,sync,6,6803.2,200
typescript,sync,7,5279.3,200
typescript,sync,8,7102.9,200
typescript,sync,9,6936.6,200
typescript,sync,10,13088.8,200
typescript,sync,11,10613.0,200
typescript,sync,12,11465.6,200
typescript,sync,13,10901.9,200
typescript,sync,14,4033.6,200
typescript,async_poll20ms,0,2471.5,202
typescript,async_poll20ms,1,2351.3,202
typescript,async_poll20ms,2,3075.6,202
typescript,async_poll20ms,3,6836.4,202
typescript,async_poll20ms,4,5170.9,202
typescript,async_poll20ms,5,8050.6,202
typescript,async_poll20ms,6,7421.7,202
typescript,async_poll20ms,7,4079.3,202
typescript,async_poll20ms,8,3765.7,202
typescript,async_poll20ms,9,4077.2,202
typescript,async_poll20ms,10,4588.5,202
typescript,async_poll20ms,11,7814.0,202
typescript,async_poll20ms,12,8130.1,202
typescript,async_poll20ms,13,4543.4,202
typescript,async_poll20ms,14,3142.5,202
bash,sync,0,2517.7,200
bash,sync,1,2166.2,200
bash,sync,2,2049.2,200
bash,sync,3,2234.9,200
bash,sync,4,2467.0,200
bash,sync,5,1788.8,200
bash,sync,6,1758.4,200
bash,sync,7,2030.1,200
bash,sync,8,1926.3,200
bash,sync,9,1621.0,200
bash,sync,10,1421.5,200
bash,sync,11,1527.6,200
bash,sync,12,1518.7,200
bash,sync,13,1622.8,200
bash,sync,14,1929.8,200
bash,sync,15,1819.4,200
bash,sync,16,1524.3,200
bash,sync,17,1626.0,200
bash,sync,18,1527.3,200
bash,sync,19,1621.5,200
bash,sync,20,1419.0,200
bash,sync,21,713.6,200
bash,sync,22,611.8,200
bash,sync,23,814.5,200
bash,sync,24,1426.2,200
bash,sync,25,1647.5,200
bash,sync,26,1645.4,200
bash,sync,27,1120.4,200
bash,sync,28,1426.3,200
bash,sync,29,1227.3,200
bash,async_poll20ms,0,3215.6,202
bash,async_poll20ms,1,1338.4,202
bash,async_poll20ms,2,1111.5,202
bash,async_poll20ms,3,1122.7,202
bash,async_poll20ms,4,1294.2,202
bash,async_poll20ms,5,1174.1,202
bash,async_poll20ms,6,1252.0,202
bash,async_poll20ms,7,1195.5,202
bash,async_poll20ms,8,1071.1,202
bash,async_poll20ms,9,1119.8,202
bash,async_poll20ms,10,1293.6,202
bash,async_poll20ms,11,1900.9,202
bash,async_poll20ms,12,1905.7,202
bash,async_poll20ms,13,5136.5,202
bash,async_poll20ms,14,1613.8,202
bash,async_poll20ms,15,2667.6,202
bash,async_poll20ms,16,6372.8,202
bash,async_poll20ms,17,2435.3,202
bash,async_poll20ms,18,2499.8,202
bash,async_poll20ms,19,2293.2,202
bash,async_poll20ms,20,1777.1,202
bash,async_poll20ms,21,1871.9,202
bash,async_poll20ms,22,1847.7,202
bash,async_poll20ms,23,2248.7,202
bash,async_poll20ms,24,2104.5,202
bash,async_poll20ms,25,818.7,202
bash,async_poll20ms,26,589.0,202
bash,async_poll20ms,27,609.9,202
bash,async_poll20ms,28,803.6,202
bash,async_poll20ms,29,785.7,202
ruby,sync,0,2034.5,200
ruby,sync,1,4918.8,200
ruby,sync,2,1256.7,200
ruby,sync,3,1228.5,200
ruby,sync,4,1227.1,200
ruby,sync,5,1228.2,200
ruby,sync,6,1674.5,200
ruby,sync,7,1130.5,200
ruby,sync,8,1026.2,200
ruby,sync,9,1333.0,200
ruby,sync,10,1336.1,200
ruby,sync,11,1229.4,200
ruby,sync,12,13975.0,200
ruby,sync,13,3299.5,200
ruby,sync,14,1135.0,200
ruby,sync,15,1855.3,200
ruby,sync,16,2393.6,200
ruby,sync,17,1130.0,200
ruby,sync,18,1125.3,200
ruby,sync,19,923.0,200
ruby,sync,20,1143.6,200
ruby,sync,21,1234.8,200
ruby,sync,22,820.6,200
ruby,sync,23,714.3,200
ruby,sync,24,919.1,200
ruby,sync,25,1127.8,200
ruby,sync,26,914.9,200
ruby,sync,27,1150.3,200
ruby,sync,28,1127.9,200
ruby,sync,29,1128.7,200
ruby,async_poll20ms,0,1083.4,202
ruby,async_poll20ms,1,1077.3,202
ruby,async_poll20ms,2,1282.8,202
ruby,async_poll20ms,3,1226.6,202
ruby,async_poll20ms,4,1134.0,202
ruby,async_poll20ms,5,1338.2,202
ruby,async_poll20ms,6,1024.4,202
ruby,async_poll20ms,7,1200.5,202
ruby,async_poll20ms,8,2081.6,202
ruby,async_poll20ms,9,1328.8,202
ruby,async_poll20ms,10,1980.4,202
ruby,async_poll20ms,11,1758.1,202
ruby,async_poll20ms,12,17205.2,202
ruby,async_poll20ms,13,864.4,202
ruby,async_poll20ms,14,752.4,202
ruby,async_poll20ms,15,945.5,202
ruby,async_poll20ms,16,985.9,202
ruby,async_poll20ms,17,862.2,202
ruby,async_poll20ms,18,873.8,202
ruby,async_poll20ms,19,842.4,202
ruby,async_poll20ms,20,774.4,202
ruby,async_poll20ms,21,662.0,202
ruby,async_poll20ms,22,559.4,202
ruby,async_poll20ms,23,629.6,202
ruby,async_poll20ms,24,588.7,202
ruby,async_poll20ms,25,674.6,202
ruby,async_poll20ms,26,695.8,202
ruby,async_poll20ms,27,695.5,202
ruby,async_poll20ms,28,612.8,202
ruby,async_poll20ms,29,688.8,202
java,sync,0,1323.2,200
java,sync,1,1519.2,200
java,sync,2,1417.9,200
java,sync,3,1420.1,200
java,sync,4,1725.2,200
java,sync,5,1316.8,200
java,sync,6,1629.7,200
java,sync,7,1521.2,200
java,sync,8,1418.2,200
java,sync,9,1318.7,200
java,sync,10,1317.1,200
java,sync,11,1523.3,200
java,async_poll20ms,0,1399.9,202
java,async_poll20ms,1,1628.5,202
java,async_poll20ms,2,1764.9,202
java,async_poll20ms,3,2141.9,202
java,async_poll20ms,4,2692.7,202
java,async_poll20ms,5,2723.8,202
java,async_poll20ms,6,1634.5,202
java,async_poll20ms,7,1453.3,202
java,async_poll20ms,8,1317.4,202
java,async_poll20ms,9,1345.6,202
java,async_poll20ms,10,1513.6,202
java,async_poll20ms,11,1587.0,202
go,sync,0,2453.1,200
go,sync,1,2257.7,200
go,sync,2,2354.4,200
go,sync,3,2351.4,200
go,sync,4,3443.5,200
go,sync,5,3276.7,200
go,sync,6,2035.0,200
go,sync,7,2137.8,200
go,sync,8,2350.2,200
go,sync,9,2552.8,200
go,async_poll20ms,0,1596.6,202
go,async_poll20ms,1,1421.9,202
go,async_poll20ms,2,1650.7,202
go,async_poll20ms,3,2377.7,202
go,async_poll20ms,4,2032.0,202
go,async_poll20ms,5,3111.8,202
go,async_poll20ms,6,3857.7,202
go,async_poll20ms,7,2306.4,202
go,async_poll20ms,8,4370.8,202
go,async_poll20ms,9,6535.9,202
rust,sync,0,2037.1,200
rust,sync,1,1225.5,200
rust,sync,2,914.7,200
rust,sync,3,912.6,200
rust,sync,4,919.9,200
rust,sync,5,914.2,200
rust,sync,6,1018.4,200
rust,sync,7,915.0,200
rust,sync,8,1122.4,200
rust,sync,9,814.2,200
rust,async_poll20ms,0,919.5,202
rust,async_poll20ms,1,998.7,202
rust,async_poll20ms,2,904.2,202
rust,async_poll20ms,3,868.3,202
rust,async_poll20ms,4,3017.0,202
rust,async_poll20ms,5,1291.3,202
rust,async_poll20ms,6,4306.5,202
rust,async_poll20ms,7,6042.0,202
rust,async_poll20ms,8,1097.0,202
rust,async_poll20ms,9,1136.6,202
