language,phase,i,total_ms,container_wall_ms,status
python,warm,0,1361.9,973,COMPLETED
python,warm,1,2033.6,1642,COMPLETED
python,warm,2,5334.7,4844,COMPLETED
python,warm,3,2840.3,2507,COMPLETED
python,warm,4,2207.1,1719,COMPLETED
python,warm,5,9303.9,8562,COMPLETED
python,warm,6,2806.8,2313,COMPLETED
python,warm,7,4148.5,3661,COMPLETED
python,warm,8,1903.0,1317,COMPLETED
python,warm,9,5242.1,4667,COMPLETED
python,warm,10,6153.0,5539,COMPLETED
python,warm,11,6855.9,6276,COMPLETED
python,warm,12,2351.8,1804,COMPLETED
python,warm,13,2013.8,1479,COMPLETED
python,warm,14,1831.6,1476,COMPLETED
python,warm,15,1575.4,1333,COMPLETED
python,warm,16,1738.9,1474,COMPLETED
python,warm,17,2396.7,2068,COMPLETED
python,warm,18,1979.2,1604,COMPLETED
python,warm,19,1988.9,1716,COMPLETED
python,warm,20,1849.6,1605,COMPLETED
python,warm,21,2866.3,2610,COMPLETED
python,warm,22,1642.6,1390,COMPLETED
python,warm,23,2311.4,2009,COMPLETED
python,warm,24,2629.9,2331,COMPLETED
python,warm,25,1872.7,1542,COMPLETED
python,warm,26,1935.9,1669,COMPLETED
python,warm,27,1951.6,1637,COMPLETED
python,warm,28,1803.5,1466,COMPLETED
python,warm,29,1986.9,1679,COMPLETED
python,cold,0,2701.5,2354,COMPLETED
javascript,warm,0,2466.8,2102,COMPLETED
javascript,warm,1,847.3,551,COMPLETED
javascript,warm,2,938.9,666,COMPLETED
javascript,warm,3,914.2,614,COMPLETED
javascript,warm,4,929.9,671,COMPLETED
javascript,warm,5,800.7,547,COMPLETED
javascript,warm,6,1115.7,774,COMPLETED
javascript,warm,7,853.1,547,COMPLETED
javascript,warm,8,806.3,541,COMPLETED
javascript,warm,9,778.6,514,COMPLETED
javascript,warm,10,1021.0,711,COMPLETED
javascript,warm,11,880.0,583,COMPLETED
javascript,warm,12,913.5,635,COMPLETED
javascript,warm,13,788.6,538,COMPLETED
javascript,warm,14,847.0,580,COMPLETED
javascript,warm,15,829.3,530,COMPLETED
javascript,warm,16,819.6,563,COMPLETED
javascript,warm,17,763.3,496,COMPLETED
javascript,warm,18,884.3,591,COMPLETED
javascript,warm,19,840.3,587,COMPLETED
javascript,warm,20,807.4,553,COMPLETED
javascript,warm,21,759.0,515,COMPLETED
javascript,warm,22,824.3,552,COMPLETED
javascript,warm,23,832.0,566,COMPLETED
javascript,warm,24,830.5,554,COMPLETED
javascript,warm,25,872.7,583,COMPLETED
javascript,warm,26,813.2,541,COMPLETED
javascript,warm,27,905.0,611,COMPLETED
javascript,warm,28,849.6,529,COMPLETED
javascript,warm,29,797.6,526,COMPLETED
javascript,cold,0,2279.3,1922,COMPLETED
typescript,warm,0,1564.6,1270,COMPLETED
typescript,warm,1,1452.8,1193,COMPLETED
typescript,warm,2,1412.2,1139,COMPLETED
typescript,warm,3,1436.0,1145,COMPLETED
typescript,warm,4,1466.8,1197,COMPLETED
typescript,warm,5,1426.0,1158,COMPLETED
typescript,warm,6,1502.3,1200,COMPLETED
typescript,warm,7,1371.2,1107,COMPLETED
typescript,warm,8,1392.7,1120,COMPLETED
typescript,warm,9,1424.0,1135,COMPLETED
typescript,warm,10,1367.8,1108,COMPLETED
typescript,warm,11,1429.0,1142,COMPLETED
typescript,warm,12,1426.4,1149,COMPLETED
typescript,warm,13,1436.5,1106,COMPLETED
typescript,warm,14,1434.7,1151,COMPLETED
typescript,cold,0,2017.3,1717,COMPLETED
bash,warm,0,732.2,469,COMPLETED
bash,warm,1,761.4,506,COMPLETED
bash,warm,2,774.1,516,COMPLETED
bash,warm,3,857.1,564,COMPLETED
bash,warm,4,793.0,480,COMPLETED
bash,warm,5,767.2,496,COMPLETED
bash,warm,6,801.2,524,COMPLETED
bash,warm,7,758.8,495,COMPLETED
bash,warm,8,780.6,503,COMPLETED
bash,warm,9,762.8,497,COMPLETED
bash,warm,10,799.3,536,COMPLETED
bash,warm,11,1024.7,647,COMPLETED
bash,warm,12,759.3,486,COMPLETED
bash,warm,13,764.5,498,COMPLETED
bash,warm,14,750.5,502,COMPLETED
bash,warm,15,769.3,511,COMPLETED
bash,warm,16,733.0,486,COMPLETED
bash,warm,17,760.7,497,COMPLETED
bash,warm,18,744.8,495,COMPLETED
bash,warm,19,809.2,541,COMPLETED
bash,warm,20,794.6,539,COMPLETED
bash,warm,21,751.4,515,COMPLETED
bash,warm,22,784.1,496,COMPLETED
bash,warm,23,812.2,497,COMPLETED
bash,warm,24,793.1,544,COMPLETED
bash,warm,25,754.9,497,COMPLETED
bash,warm,26,727.3,467,COMPLETED
bash,warm,27,737.2,487,COMPLETED
bash,warm,28,762.0,499,COMPLETED
bash,warm,29,862.7,615,COMPLETED
bash,cold,0,799.7,534,COMPLETED
ruby,warm,0,786.9,504,COMPLETED
ruby,warm,1,858.8,512,COMPLETED
ruby,warm,2,793.7,527,COMPLETED
ruby,warm,3,759.3,506,COMPLETED
ruby,warm,4,773.4,506,COMPLETED
ruby,warm,5,886.0,595,COMPLETED
ruby,warm,6,788.2,528,COMPLETED
ruby,warm,7,751.5,489,COMPLETED
ruby,warm,8,796.0,520,COMPLETED
ruby,warm,9,792.3,534,COMPLETED
ruby,warm,10,903.2,574,COMPLETED
ruby,warm,11,795.9,504,COMPLETED
ruby,warm,12,742.7,488,COMPLETED
ruby,warm,13,766.6,513,COMPLETED
ruby,warm,14,910.4,554,COMPLETED
ruby,warm,15,790.8,489,COMPLETED
ruby,warm,16,759.9,502,COMPLETED
ruby,warm,17,814.5,524,COMPLETED
ruby,warm,18,838.7,567,COMPLETED
ruby,warm,19,882.7,620,COMPLETED
ruby,warm,20,781.7,505,COMPLETED
ruby,warm,21,769.9,501,COMPLETED
ruby,warm,22,763.3,500,COMPLETED
ruby,warm,23,831.7,572,COMPLETED
ruby,warm,24,795.7,534,COMPLETED
ruby,warm,25,747.7,495,COMPLETED
ruby,warm,26,772.5,515,COMPLETED
ruby,warm,27,752.4,495,COMPLETED
ruby,warm,28,1018.2,619,COMPLETED
ruby,warm,29,801.4,522,COMPLETED
ruby,cold,0,828.0,564,COMPLETED
java,warm,0,1427.5,1141,COMPLETED
java,warm,1,1364.7,1111,COMPLETED
java,warm,2,1526.5,1260,COMPLETED
java,warm,3,1412.7,1152,COMPLETED
java,warm,4,1570.6,1314,COMPLETED
java,warm,5,1436.1,1159,COMPLETED
java,warm,6,1379.0,1125,COMPLETED
java,warm,7,1451.7,1179,COMPLETED
java,warm,8,1330.6,1080,COMPLETED
java,warm,9,1437.1,1196,COMPLETED
java,warm,10,1355.3,1096,COMPLETED
java,warm,11,1460.8,1166,COMPLETED
java,cold,0,1779.0,1499,COMPLETED
go,warm,0,1502.7,1185,COMPLETED
go,warm,1,1430.3,1140,COMPLETED
go,warm,2,1389.1,1112,COMPLETED
go,warm,3,1666.6,1324,COMPLETED
go,warm,4,1358.0,1103,COMPLETED
go,warm,5,1408.5,1110,COMPLETED
go,warm,6,1324.5,1000,COMPLETED
go,warm,7,1295.8,1010,COMPLETED
go,warm,8,1414.5,1114,COMPLETED
go,warm,9,1376.3,1102,COMPLETED
go,cold,0,2471.6,2178,COMPLETED
rust,warm,0,1118.4,833,COMPLETED
rust,warm,1,965.5,712,COMPLETED
rust,warm,2,1017.4,746,COMPLETED
rust,warm,3,990.8,724,COMPLETED
rust,warm,4,994.5,749,COMPLETED
rust,warm,5,983.8,693,COMPLETED
rust,warm,6,901.0,636,COMPLETED
rust,warm,7,946.2,679,COMPLETED
rust,warm,8,967.6,656,COMPLETED
rust,warm,9,1155.4,863,COMPLETED
rust,cold,0,2050.5,1725,COMPLETED
