program,requested_s,i,total_ms,container_wall_ms,status,timed_out
python_spin_default_signals,1,0,2183.7,1868,TIMEOUT,True
python_spin_default_signals,1,1,2183.0,1831,TIMEOUT,True
python_spin_default_signals,1,2,2499.9,2063,TIMEOUT,True
python_spin_default_signals,1,3,1897.4,1633,TIMEOUT,True
python_spin_default_signals,1,4,2056.2,1815,TIMEOUT,True
python_spin_default_signals,2,0,2977.3,2721,TIMEOUT,True
python_spin_default_signals,2,1,2996.7,2727,TIMEOUT,True
python_spin_default_signals,2,2,3024.6,2728,TIMEOUT,True
python_spin_default_signals,2,3,2998.2,2733,TIMEOUT,True
python_spin_default_signals,2,4,2848.6,2618,TIMEOUT,True
python_spin_default_signals,3,0,3864.3,3619,TIMEOUT,True
python_spin_default_signals,3,1,3720.3,3474,TIMEOUT,True
python_spin_default_signals,3,2,3688.4,3410,TIMEOUT,True
python_spin_default_signals,3,3,3675.4,3450,TIMEOUT,True
python_spin_default_signals,3,4,3780.9,3526,TIMEOUT,True
python_spin_default_signals,5,0,5691.0,5427,TIMEOUT,True
python_spin_default_signals,5,1,5915.8,5684,TIMEOUT,True
python_spin_default_signals,5,2,6013.5,5798,TIMEOUT,True
python_spin_default_signals,5,3,6006.4,5792,TIMEOUT,True
python_spin_default_signals,5,4,5878.7,5641,TIMEOUT,True
python_spin_handles_sigterm,1,0,1898.3,1691,TIMEOUT,True
python_spin_handles_sigterm,1,1,1835.8,1620,TIMEOUT,True
python_spin_handles_sigterm,1,2,1874.2,1663,TIMEOUT,True
python_spin_handles_sigterm,1,3,1988.7,1745,TIMEOUT,True
python_spin_handles_sigterm,1,4,1919.5,1688,TIMEOUT,True
python_spin_handles_sigterm,2,0,2984.9,2714,TIMEOUT,True
python_spin_handles_sigterm,2,1,3027.1,2764,TIMEOUT,True
python_spin_handles_sigterm,2,2,2473.1,2241,TIMEOUT,True
python_spin_handles_sigterm,2,3,2517.6,2253,TIMEOUT,True
python_spin_handles_sigterm,2,4,2545.2,2307,TIMEOUT,True
python_spin_handles_sigterm,3,0,3516.4,3289,TIMEOUT,True
python_spin_handles_sigterm,3,1,3490.5,3262,TIMEOUT,True
python_spin_handles_sigterm,3,2,3461.1,3242,TIMEOUT,True
python_spin_handles_sigterm,3,3,3470.2,3229,TIMEOUT,True
python_spin_handles_sigterm,3,4,3498.9,3272,TIMEOUT,True
python_spin_handles_sigterm,5,0,5537.7,5298,TIMEOUT,True
python_spin_handles_sigterm,5,1,5560.0,5310,TIMEOUT,True
python_spin_handles_sigterm,5,2,5483.9,5249,TIMEOUT,True
python_spin_handles_sigterm,5,3,5450.8,5243,TIMEOUT,True
python_spin_handles_sigterm,5,4,5539.9,5296,TIMEOUT,True
bash_sleep,1,0,1792.2,1439,TIMEOUT,True
bash_sleep,1,1,1889.4,1424,TIMEOUT,True
bash_sleep,1,2,2022.5,1588,TIMEOUT,True
bash_sleep,1,3,2255.9,1704,TIMEOUT,True
bash_sleep,1,4,2815.5,2092,TIMEOUT,True
bash_sleep,2,0,3243.8,2705,TIMEOUT,True
bash_sleep,2,1,3236.2,2531,TIMEOUT,True
bash_sleep,2,2,2759.2,2346,TIMEOUT,True
bash_sleep,2,3,2592.1,2290,TIMEOUT,True
bash_sleep,2,4,2520.8,2253,TIMEOUT,True
bash_sleep,3,0,3502.1,3243,TIMEOUT,True
bash_sleep,3,1,3541.1,3287,TIMEOUT,True
bash_sleep,3,2,3495.7,3240,TIMEOUT,True
bash_sleep,3,3,3444.2,3226,TIMEOUT,True
bash_sleep,3,4,3580.8,3286,TIMEOUT,True
bash_sleep,5,0,5494.4,5234,TIMEOUT,True
bash_sleep,5,1,5480.3,5267,TIMEOUT,True
bash_sleep,5,2,5469.0,5229,TIMEOUT,True
bash_sleep,5,3,5483.1,5249,TIMEOUT,True
bash_sleep,5,4,5465.2,5239,TIMEOUT,True
